Replicate,Species,Genus ,Family,Shoot_biomass_g,Above_biomass_g,Below_biomass_g,MRFEL_biomass_g,Biomass_g,MRFEL_area_cm^2,MRFEL_Area_m^2,Chlorophyll_content,RMF_g/g,LMF_g/g,LMA_g/m^2,SLA_m^2/g,MGR_%,LAR_m^2/kg
A_colum_1,A. colombiana,Acaulospora,Acaulosporaceae,1.1045,1.2401,0.5751,0.1356,1.8152,46.497,0.0046497,23.94579949,0.316824592,0.683175408,29.16317182,0.034289823,-28.42748255,23.42596382
A_colum_2,A. colombiana,Acaulospora,Acaulosporaceae,1.2468,1.382,0.9865,0.1352,2.3685,41.44,0.004144,24.21391999,0.416508339,0.583491661,32.62548263,0.030650888,-6.611113061,17.88453755
A_colum_3,A. colombiana,Acaulospora,Acaulosporaceae,1.3829,1.5099,0.5943,0.127,2.1042,48.645,0.0048645,22.53781995,0.28243513,0.71756487,26.10751362,0.03830315,-17.03234288,27.48499485
A_colum_4,A. colombiana,Acaulospora,Acaulosporaceae,1.0916,1.2165,0.6485,0.1249,1.865,41.5,0.00415,23.55222848,0.34772118,0.65227882,30.09638554,0.033226581,-26.46389101,21.67299505
A_colum_5,A. colombiana,Acaulospora,Acaulosporaceae,1.4123,1.5598,0.8963,0.1475,2.4561,37.895,0.0037895,22.96281544,0.364928138,0.635071862,38.92334081,0.025691525,-3.157084563,16.31596462
A_colum_6,A. colombiana,Acaulospora,Acaulosporaceae,1.7089,1.8561,1.0549,0.1472,2.911,42.903,0.0042903,19.88431978,0.36238406,0.63761594,34.30995501,0.02914606,14.7794173,18.58399244
A_colum_7,A. colombiana,Acaulospora,Acaulosporaceae,1.6441,1.7952,0.8419,0.1511,2.6371,42.161,0.0042161,20.78703556,0.319252209,0.680747791,35.83880838,0.027902713,3.979663816,18.99471024
A_colum_8,A. colombiana,Acaulospora,Acaulosporaceae,2.0361,2.2119,1.1937,0.1758,3.4056,48.685,0.0048685,23.44760685,0.350510923,0.649489077,36.10968471,0.027693402,34.28127227,17.9865621
A_mellea_1,A. mellea,Acaulospora,Acaulosporaceae,1.26,1.3883,0.804,0.1283,2.1923,40.25,0.004025,25.81116885,0.366738129,0.633261871,31.8757764,0.031371785,-13.5585996,19.86655527
A_mellea_2,A. mellea,Acaulospora,Acaulosporaceae,0.96,1.1494,1.0129,0.1894,2.1623,86.485,0.0086485,26.38554929,0.468436387,0.531563613,21.8997514,0.045662619,-14.74148608,24.27258673
A_mellea_3,A. mellea,Acaulospora,Acaulosporaceae,0.8429,0.9728,0.7801,0.1299,1.7529,45.272,0.0045272,25.00265495,0.445033944,0.554966056,28.69323202,0.034851424,-30.88394346,19.34135732
A_mellea_4,A. mellea,Acaulospora,Acaulosporaceae,1.56,1.6999,1.0785,0.1399,2.7784,46.915,0.0046915,26.10088459,0.388173049,0.611826951,29.81988703,0.033534668,9.551059097,20.51741368
A_mellea_5,A. mellea,Acaulospora,Acaulosporaceae,1.3251,1.4577,1.04,0.1326,2.4977,43.453,0.0043453,20.81697973,0.416383072,0.583616928,30.51572964,0.032769985,-1.516815323,19.12511798
A_mellea_6,A. mellea,Acaulospora,Acaulosporaceae,1.0436,1.162,1.4024,0.1184,2.5644,36.736,0.0036736,19.93999932,0.546872563,0.453127437,32.22996516,0.031027027,1.113135599,14.05919722
A_mellea_7,A. mellea,Acaulospora,Acaulosporaceae,1.2271,1.3521,0.9994,0.125,2.3515,34.792,0.0034792,20.67729311,0.425005316,0.574994684,35.92779949,0.0278336,-7.281415395,16.00417204
A_mellea_8,A. mellea,Acaulospora,Acaulosporaceae,1.4231,1.5818,1.2238,0.1587,2.8056,50.834,0.0050834,22.26049224,0.436199031,0.563800969,31.2192627,0.032031506,10.62354283,18.05939412
A_morrow_1,A. morrowiae,Acaulospora,Acaulosporaceae,0.85,0.9411,0.8093,0.0911,1.7504,31.06,0.003106,24.75612085,0.462351463,0.537648537,29.3303284,0.034094402,-30.98251733,18.33080536
A_morrow_2,A. morrowiae,Acaulospora,Acaulosporaceae,1.44,1.5927,0.7308,0.1527,2.3235,44.77,0.004477,24.80071948,0.3145255,0.6854745,34.10766138,0.029318926,-8.385442768,20.09737614
A_morrow_3,A. morrowiae,Acaulospora,Acaulosporaceae,0.64,0.7141,0.7168,0.0741,1.4309,23.295,0.0023295,22.3776024,0.500943462,0.499056538,31.80940116,0.031437247,-43.58025826,15.68896365
A_morrow_4,A. morrowiae,Acaulospora,Acaulosporaceae,0.59,0.7014,0.6878,0.1114,1.3892,35.259,0.0035259,25.08303736,0.495105096,0.504894904,31.59477013,0.031650808,-45.22447045,15.98033167
A_morrow_5,A. morrowiae,Acaulospora,Acaulosporaceae,1.2946,1.4638,0.6924,0.1692,2.1562,57.55,0.005755,20.05301626,0.32112049,0.67887951,29.40052129,0.034013002,-14.98200633,23.09073013
A_morrow_6,A. morrowiae,Acaulospora,Acaulosporaceae,0.9571,1.1118,0.758,0.1547,1.8698,44.759,0.0044759,21.05246414,0.405390951,0.594609049,34.56288121,0.028932773,-26.27462917,17.20368864
A_morrow_7,A. morrowiae,Acaulospora,Acaulosporaceae,1.3774,1.5423,0.8637,0.1649,2.406,47.913,0.0047913,21.73515889,0.358977556,0.641022444,34.41654666,0.029055791,-5.132504971,18.62541416
A_morrow_8,A. morrowiae,Acaulospora,Acaulosporaceae,1.0423,1.1854,0.4715,0.1431,1.6569,54.173,0.0054173,18.83908588,0.284567566,0.715432434,26.41537297,0.037856744,-34.66918017,27.0839425
A_spinosa_1,A. spinosa,Acaulospora,Acaulosporaceae,0.9883,1.1599,0.7072,0.1716,1.8671,66.049,0.0066049,24.877774,0.378769214,0.621230786,25.98071129,0.038490093,-26.38108896,23.91123073
A_spinosa_2,A. spinosa,Acaulospora,Acaulosporaceae,1.8134,2.0036,0.919,0.1902,2.9226,85.502,0.0085502,17.11624202,0.314446041,0.685553959,22.24509368,0.044953733,15.23680007,30.81820963
A_spinosa_3,A. spinosa,Acaulospora,Acaulosporaceae,1.5944,1.8417,1.248,0.2473,3.0897,104.078,0.0104078,22.81186357,0.403922711,0.596077289,23.76102538,0.042085726,21.82547772,25.08634546
A_spinosa_4,A. spinosa,Acaulospora,Acaulosporaceae,1.8988,2.0924,1.1973,0.1936,3.2897,63.119,0.0063119,21.41857478,0.36395416,0.63604584,30.67222231,0.032602789,29.71138753,20.73686832
A_spinosa_5,A. spinosa,Acaulospora,Acaulosporaceae,1.33,1.5185,0.8157,0.1885,2.3342,50.324,0.0050324,21.25406126,0.349455916,0.650544084,37.45727685,0.026697082,-7.963546593,17.36762876
A_spinosa_6,A. spinosa,Acaulospora,Acaulosporaceae,0.86,0.9469,1.0649,0.0869,2.0118,24.969,0.0024969,21.45235349,0.529326971,0.470673029,34.80315591,0.028733026,-20.67563321,13.52386038
A_spinosa_7,A. spinosa,Acaulospora,Acaulosporaceae,2.06,2.1817,1.202,0.1217,3.3837,49.067,0.0049067,22.25346718,0.355232438,0.644767562,24.80282063,0.040317995,33.41776514,25.99573534
A_spinosa_8,A. spinosa,Acaulospora,Acaulosporaceae,1.51,1.6964,0.876,0.1864,2.5724,51.457,0.0051457,22.22199621,0.340538019,0.659461981,36.22442039,0.027605687,1.428571992,18.20490104
Am_gerd_1,Am. gerdemannii,Ambispora,Ambisporaceae,1.3798,1.5452,1.1239,0.1654,2.6691,53.2,0.00532,24.45150757,0.421078266,0.578921734,31.09022556,0.03216445,5.241409386,18.62069917
Am_gerd_2,Am. gerdemannii,Ambispora,Ambisporaceae,0.8229,0.9312,0.8121,0.1083,1.7433,31.755,0.0031755,23.80982596,0.465840647,0.534159353,34.10486538,0.02932133,-31.26246713,15.66226266
Am_gerd_3,Am. gerdemannii,Ambispora,Ambisporaceae,1.3664,1.5863,1.0584,0.2199,2.6447,80.769,0.0080769,21.80434892,0.40019662,0.59980338,27.22579207,0.036729877,4.279328389,22.03070437
Am_gerd_4,Am. gerdemannii,Ambispora,Ambisporaceae,0.9401,1.0492,0.894,0.1091,1.9432,40.061,0.0040061,22.02621609,0.460065871,0.539934129,27.23346896,0.036719523,-23.38050027,19.82612367
Am_gerd_5,Am. gerdemannii,Ambispora,Ambisporaceae,1.08,1.2503,0.6523,0.1703,1.9026,48.965,0.0048965,19.77168644,0.342846631,0.657153369,34.77994486,0.028752202,-24.98133997,18.89460641
Am_gerd_6,Am. gerdemannii,Ambispora,Ambisporaceae,1.699,1.9165,0.8523,0.2175,2.7688,67.706,0.0067706,19.91782644,0.307822884,0.692177116,32.12418397,0.031129195,9.172535426,21.54691642
Am_gerd_7,Am. gerdemannii,Ambispora,Ambisporaceae,1.4375,1.6441,1.1027,0.2066,2.7468,54.499,0.0054499,20.38932018,0.401448959,0.598551041,37.90895246,0.026378993,8.305085347,15.78917372
Am_gerd_8,Am. gerdemannii,Ambispora,Ambisporaceae,1.6717,1.8829,0.7796,0.2112,2.6625,53.39,0.005339,19.9263126,0.292807512,0.707192488,39.55796966,0.025279356,4.981174362,17.87737066
Am_lepto_1,Am. leptoticha,Ambispora,Ambisporaceae,0.5924,0.6653,0.6364,0.0729,1.3017,24.113,0.0024113,21.4332213,0.488899132,0.511100868,30.23265458,0.033076818,-48.67455599,16.90559039
Am_lepto_2,Am. leptoticha,Ambispora,Ambisporaceae,0.9919,1.1347,0.805,0.1428,1.9397,45.376,0.0045376,22.84537799,0.415012631,0.584987369,31.47038082,0.03177591,-23.5185037,18.58850599
Am_lepto_3,Am. leptoticha,Ambispora,Ambisporaceae,0.7515,0.8551,0.5873,0.1036,1.4424,36.783,0.0036783,23.43619653,0.407168608,0.592831392,28.165185,0.035504826,-43.12681844,21.04837542
Am_lepto_4,Am. leptoticha,Ambispora,Ambisporaceae,0.9566,1.0683,0.7546,0.1117,1.8229,37.445,0.0037445,24.08054125,0.413955785,0.586044215,29.83041795,0.033522829,-28.12387503,19.64586001
Am_lepto_5,Am. leptoticha,Ambispora,Ambisporaceae,0.82,0.942,0.8202,0.122,1.7622,34.83,0.003483,21.01124467,0.465440926,0.534559074,35.02727534,0.02854918,-30.51724865,15.26122322
Am_lepto_6,Am. leptoticha,Ambispora,Ambisporaceae,0.75,0.8391,0.6272,0.0891,1.4663,28.977,0.0028977,23.17643479,0.427743299,0.572256701,30.74852469,0.032521886,-42.18445222,18.61086719
Am_lepto_7,Am. leptoticha,Ambispora,Ambisporaceae,0.73,0.7872,0.5375,0.0572,1.3247,30.936,0.0030936,19.9960081,0.405752246,0.594247754,18.48978536,0.054083916,-47.76767637,32.13924561
Am_lepto_8,Am. leptoticha,Ambispora,Ambisporaceae,0.67,0.7363,0.5644,0.0663,1.3007,31.388,0.0031388,22.22906307,0.433920197,0.566079803,21.12272206,0.047342383,-48.71398554,26.79956684
Ar_schneck_1,Ar. schenckii,Archaeospora,Archaeosporaceae,1.2092,1.3253,0.6522,0.1161,1.9775,32.456,0.0032456,29.89179661,0.329810367,0.670189633,35.77150604,0.027955211,-22.02806674,18.7352926
Ar_schneck_2,Ar. schenckii,Archaeospora,Archaeosporaceae,0.8686,0.9995,0.5459,0.1309,1.5454,39.864,0.0039864,21.87615162,0.353241879,0.646758121,32.83664459,0.030453782,-39.06557489,19.69623082
Ar_schneck_3,Ar. schenckii,Archaeospora,Archaeosporaceae,1.0824,1.2492,0.8825,0.1668,2.1317,52.332,0.0052332,23.02304662,0.413988835,0.586011165,31.87342353,0.031374101,-15.94803028,18.38557348
Ar_schneck_4,Ar. schenckii,Archaeospora,Archaeosporaceae,0.6643,0.7568,0.6155,0.0925,1.3723,26.091,0.0026091,26.6385712,0.448517088,0.551482912,35.45283814,0.028206486,-45.89082983,15.55539504
Ar_schneck_5,Ar. schenckii,Archaeospora,Archaeosporaceae,0.83,0.9387,0.4474,0.1087,1.3861,31.288,0.0031288,20.81544889,0.322776134,0.677223866,34.74175403,0.028783809,-45.34670205,19.49308241
Ar_schneck_6,Ar. schenckii,Archaeospora,Archaeosporaceae,1.11,1.209,0.7679,0.099,1.9769,30.022,0.0030022,16.78044775,0.388436441,0.611563559,32.97581773,0.030325253,-22.05172447,18.54581965
Ar_schneck_7,Ar. schenckii,Archaeospora,Archaeosporaceae,0.87,0.9773,0.6131,0.1073,1.5904,41.62,0.004162,21.94884455,0.385500503,0.614499497,25.78087458,0.038788444,-37.29124518,23.83547933
Ar_schneck_8,Ar. schenckii,Archaeospora,Archaeosporaceae,0.79,0.8823,0.5516,0.0923,1.4339,26.764,0.0026764,20.53161597,0.384685124,0.615314876,34.48662382,0.02899675,-43.46196961,17.84213163
Ar_trapp_1,Ar. trappei,Archaeospora,Archaeosporaceae,1.0225,1.141,1.0241,0.1185,2.1651,41.888,0.0041888,24.72885169,0.473003556,0.526996444,28.28972498,0.035348523,-14.63108334,18.62854592
Ar_trapp_2,Ar. trappei,Archaeospora,Archaeosporaceae,1.3138,1.4598,1.2093,0.146,2.6691,44.199,0.0044199,25.838525,0.45307407,0.54692593,33.03242155,0.030273288,5.241409386,16.55724619
Ar_trapp_3,Ar. trappei,Archaeospora,Archaeosporaceae,1.1832,1.3709,0.8356,0.1877,2.2065,55.455,0.0055455,27.01624088,0.378699298,0.621300702,33.84726355,0.029544486,-12.99870001,18.35600989
Ar_trapp_4,Ar. trappei,Archaeospora,Archaeosporaceae,1.2443,1.4093,0.9357,0.165,2.345,62.402,0.0062402,26.33560087,0.39901919,0.60098081,26.44146021,0.037819394,-7.537707464,22.72873004
Ar_trapp_5,Ar. trappei,Archaeospora,Archaeosporaceae,1.64,1.7828,1.7734,0.1428,3.5562,42.439,0.0042439,21.34632574,0.498678365,0.501321635,33.6482952,0.029719188,40.21936235,14.89887192
Ar_trapp_6,Ar. trappei,Archaeospora,Archaeosporaceae,1.4454,1.5806,1.7686,0.1352,3.3492,41.474,0.0041474,19.78845443,0.528066404,0.471933596,32.59873656,0.030676036,32.0574457,14.47705198
Ar_trapp_7,Ar. trappei,Archaeospora,Archaeosporaceae,1.3683,1.5053,1.1929,0.137,2.6982,38.48,0.003848,21.0847194,0.442109555,0.557890445,35.6029106,0.028087591,6.388809263,15.66979864
Ar_trapp_8,Ar. trappei,Archaeospora,Archaeosporaceae,1.1573,1.2682,1.4243,0.1109,2.6925,36.504,0.0036504,19.53010796,0.528987929,0.471012071,30.3802323,0.032916141,6.164060833,15.50389974
C_claro_1,C. claroideum,Claroideoglomus,Clairodeoglomeraceae,0.6192,0.7223,0.4816,0.1031,1.2039,36.214,0.0036214,27.29452361,0.400033225,0.599966775,28.46965262,0.035125121,-52.53076589,21.07390557
C_claro_2,C. claroideum,Claroideoglomus,Clairodeoglomeraceae,0.8936,1.0328,0.5206,0.1392,1.5534,43.547,0.0043547,21.66419764,0.335135831,0.664864169,31.9654626,0.031283764,-38.7501385,20.79945376
C_claro_3,C. claroideum,Claroideoglomus,Clairodeoglomeraceae,0.9017,1.0023,0.5719,0.1006,1.5742,29.902,0.0029902,25.64761234,0.363295642,0.636704358,33.64323457,0.029723658,-37.93000388,18.92518258
C_claro_4,C. claroideum,Claroideoglomus,Clairodeoglomeraceae,0.8114,0.9304,0.6384,0.119,1.5688,37.734,0.0037734,26.12732691,0.406935237,0.593064763,31.53654529,0.031709244,-38.14292344,18.80563528
C_claro_5,C. claroideum,Claroideoglomus,Clairodeoglomeraceae,1.2854,1.4488,0.9105,0.1634,2.3593,54.727,0.0054727,21.18919275,0.385919552,0.614080448,29.85729165,0.033492656,-6.973864912,20.5671852
C_claro_6,C. claroideum,Claroideoglomus,Clairodeoglomeraceae,1.9302,2.1014,0.9408,0.1712,3.0422,47.014,0.0047014,21.64451124,0.309249885,0.690750115,36.41468499,0.027461449,19.95257414,18.96899905
C_claro_7,C. claroideum,Claroideoglomus,Clairodeoglomeraceae,0.9905,1.1093,1.0552,0.1188,2.1645,35.201,0.0035201,20.83194567,0.487502888,0.512497112,33.74904122,0.029630471,-14.65474107,15.18553081
C_claro_8,C. claroideum,Claroideoglomus,Clairodeoglomeraceae,1.077,1.2277,1.0047,0.1507,2.2324,41.965,0.0041965,21.04889369,0.450053754,0.549946246,35.91087811,0.027846715,-11.97747469,15.31419638
C_etuni_1,C. etunicatum,Claroideoglomus,Clairodeoglomeraceae,1.13,1.2388,0.6028,0.1088,1.8416,32.572,0.0032572,22.11726377,0.327324066,0.672675934,33.40292276,0.0299375,-27.38654246,20.13823577
C_etuni_2,C. etunicatum,Claroideoglomus,Clairodeoglomeraceae,0.79,0.9115,0.6599,0.1215,1.5714,38.381,0.0038381,22.55819704,0.419943999,0.580056001,31.65628827,0.0315893,-38.04040661,18.32356303
C_etuni_3,C. etunicatum,Claroideoglomus,Clairodeoglomeraceae,1.49,1.5959,0.9985,0.1059,2.5944,36.596,0.0036596,20.82582933,0.384867407,0.615132593,28.93758881,0.034557129,2.296022071,21.25721637
C_etuni_4,C. etunicatum,Claroideoglomus,Clairodeoglomeraceae,0.8,1.0002,0.4555,0.2002,1.4557,89.133,0.0089133,19.91773118,0.312907879,0.687092121,22.46081698,0.044521978,-42.60240544,30.5907003
C_etuni_5,C. etunicatum,Claroideoglomus,Clairodeoglomeraceae,1.2116,1.3599,1.0394,0.1483,2.3993,42.1,0.00421,19.99877145,0.433209686,0.566790314,35.22565321,0.028388402,-5.39668295,16.09027128
C_etuni_6,C. etunicatum,Claroideoglomus,Clairodeoglomeraceae,1.1101,1.2468,1.2382,0.1367,2.485,39.203,0.0039203,20.53375435,0.498269618,0.501730382,34.86978037,0.028678127,-2.017570596,14.38868761
C_etuni_7,C. etunicatum,Claroideoglomus,Clairodeoglomeraceae,1.5812,1.7473,1.0299,0.1661,2.7772,47.024,0.0047024,19.68819282,0.370841135,0.629158865,35.32238857,0.028310656,9.503743639,17.8119002
C_etuni_8,C. etunicatum,Claroideoglomus,Clairodeoglomeraceae,1.29,1.3999,0.9922,0.1099,2.3921,39.511,0.0039511,21.08979658,0.414781991,0.585218009,27.81503885,0.035951774,-5.680575703,21.0396256
C_luteum_1,C. luteum,Claroideoglomus,Clairodeoglomeraceae,0.5643,0.6333,0.4882,0.069,1.1215,26.857,0.0026857,26.36350123,0.435309853,0.564690147,25.69162602,0.038923188,-55.77976073,21.97954075
C_luteum_2,C. luteum,Claroideoglomus,Clairodeoglomeraceae,1.3624,1.5131,0.8862,0.1507,2.3993,45.896,0.0045896,24.63727602,0.369357729,0.630642271,32.83510546,0.030455209,-5.39668295,19.20634217
C_luteum_3,C. luteum,Claroideoglomus,Clairodeoglomeraceae,0.7364,0.8463,0.735,0.1099,1.5813,34.26,0.003426,23.52620032,0.464807437,0.535192563,32.07822534,0.031173794,-37.65005408,16.68398271
C_luteum_4,C. luteum,Claroideoglomus,Clairodeoglomeraceae,0.9954,1.1665,0.9002,0.1711,2.0667,49.121,0.0049121,27.05238137,0.43557362,0.56442638,34.83235276,0.028708942,-18.51095097,16.20408421
C_luteum_5,C. luteum,Claroideoglomus,Clairodeoglomeraceae,1.2183,1.3659,0.7782,0.1476,2.1441,55.294,0.0055294,23.32190029,0.362949489,0.637050511,26.69367382,0.03746206,-15.45910387,23.86522447
C_luteum_6,C. luteum,Claroideoglomus,Clairodeoglomeraceae,0.8159,0.969,0.9169,0.1531,1.8859,59.982,0.0059982,23.6736599,0.486186966,0.513813034,25.52432396,0.039178315,-25.63981344,20.1303289
C_luteum_7,C. luteum,Claroideoglomus,Clairodeoglomeraceae,1.2169,1.3715,1.0047,0.1546,2.3762,44.881,0.0044881,25.53592892,0.422817945,0.577182055,34.4466478,0.029030401,-6.307505533,16.75582651
C_luteum_8,C. luteum,Claroideoglomus,Clairodeoglomeraceae,2.2084,2.3752,1.1002,0.1668,3.4754,42.954,0.0042954,23.45328747,0.316567877,0.683432123,38.83223914,0.025751799,37.03345479,17.59960666
Ce_pell_1,Ce. pellucida,Cetraspora,Gigasporaceae,1.0064,1.14,1.0274,0.1336,2.1674,44.988,0.0044988,24.27977921,0.474024176,0.525975824,29.69680804,0.033673653,-14.54039538,17.71152738
Ce_pell_2,Ce. pellucida,Cetraspora,Gigasporaceae,0.8085,0.9193,0.7666,0.1108,1.6859,32.508,0.0032508,25.22379477,0.454712616,0.545287384,34.0839178,0.02933935,-33.52572325,15.99837741
Ce_pell_3,Ce. pellucida,Cetraspora,Gigasporaceae,0.63,0.7064,0.7224,0.0764,1.4288,23.624,0.0023624,25.29158273,0.505599104,0.494400896,32.33999323,0.030921466,-43.66306031,15.2876005
Ce_pell_4,Ce. pellucida,Cetraspora,Gigasporaceae,0.8859,1.0055,0.808,0.1196,1.8135,34.967,0.0034967,23.92988687,0.445547284,0.554452716,34.20367775,0.029236622,-28.49451279,16.21032447
Ce_pell_5,Ce. pellucida,Cetraspora,Gigasporaceae,0.9877,1.0879,1.0879,0.1002,2.1758,31.453,0.0031453,21.47798869,0.5,0.5,31.85705656,0.03139022,-14.20918716,15.69511
Ce_pell_6,Ce. pellucida,Cetraspora,Gigasporaceae,1.19,1.3403,1.1429,0.1503,2.4832,50.393,0.0050393,20.21785386,0.460252899,0.539747101,29.82557101,0.033528277,-2.088543784,18.09679031
Ce_pell_7,Ce. pellucida,Cetraspora,Gigasporaceae,1.2522,1.3805,1.0731,0.1283,2.4536,39.332,0.0039332,18.17027803,0.437357352,0.562642648,32.61974982,0.030656274,-3.255658436,17.24852718
Ce_pell_8,Ce. pellucida,Cetraspora,Gigasporaceae,0.9698,1.0818,0.9669,0.112,2.0487,47.206,0.0047206,18.21128248,0.471957827,0.528042173,23.72579757,0.042148214,-19.22068285,22.25603451
Control 1,Control,Control,Control,0.95,1.0708,0.6327,0.1208,1.7035,35.687,0.0035687,24.01304419,0.371411799,0.628588201,33.84986129,0.029542219,-32.83176318,18.56989029
Control 10,Control,Control,Control,0.8647,1.0153,1.043,0.1506,2.0583,42.748,0.0042748,24.32175141,0.506728854,0.493271146,35.22971835,0.028385126,-18.84215918,14.00156363
Control 11,Control,Control,Control,1.5524,1.7315,1.1577,0.1791,2.8892,54.322,0.0054322,24.77355599,0.400699155,0.599300845,32.97006738,0.030330542,13.91985313,18.17711945
Control 12,Control,Control,Control,1.5755,1.762,1.056,0.1865,2.818,49.413,0.0049413,25.20244494,0.374733854,0.625266146,37.74310404,0.026494906,11.11246924,16.56636776
Control 13,Control,Control,Control,1.65,1.8064,1.1271,0.1564,2.9335,42.582,0.0042582,25.5405163,0.384216806,0.615783194,36.72913438,0.027226343,15.66658216,16.76552445
Control 14,Control,Control,Control,1.4,1.5534,1.3818,0.1534,2.9352,44.78,0.004478,21.49299219,0.470768602,0.529231398,34.25636445,0.029191656,15.73361239,15.44914091
Control 15,Control,Control,Control,1.37,1.5272,1.7112,0.1572,3.2384,46.693,0.0046693,18.10329538,0.528409091,0.471590909,33.66671664,0.029702926,27.68865166,14.00762987
Control 16,Control,Control,Control,1.74,1.9087,1.0537,0.1687,2.9624,48.434,0.0048434,21.82226003,0.355691331,0.644308669,34.83090391,0.028710136,16.80609612,18.49818951
Control 2,Control,Control,Control,1.29,1.4558,1.0534,0.1658,2.5092,53.291,0.0053291,22.38093468,0.419815081,0.580184919,31.11219531,0.032141737,-1.063375508,18.64815108
Control 3,Control,Control,Control,1.22,1.3771,0.843,0.1571,2.2201,45.691,0.0045691,21.13472231,0.379712626,0.620287374,34.38313891,0.029084023,-12.46245814,18.04045225
Control 4,Control,Control,Control,1.45,1.6522,0.9775,0.2022,2.6297,53.026,0.0053026,23.16020615,0.371715405,0.628284595,38.13223702,0.02622453,3.687885153,16.47646821
Control 5,Control,Control,Control,0.82,0.9305,1.2148,0.1105,2.1453,31.046,0.0031046,20.49544879,0.566261129,0.433738871,35.59234684,0.028095928,-15.41178841,12.18629609
Control 6,Control,Control,Control,1.21,1.3788,0.8972,0.1688,2.276,48.942,0.0048942,19.58803345,0.394200351,0.605799649,34.48980426,0.028994076,-10.25834635,17.56460106
Control 7,Control,Control,Control,1.41,1.564,0.7794,0.154,2.3434,47.287,0.0047287,20.91655271,0.332593667,0.667406333,32.56709032,0.030705844,-7.600794742,20.49327475
Control 8,Control,Control,Control,0.99,1.1246,0.9837,0.1346,2.1083,40.059,0.0040059,19.41032155,0.466584452,0.533415548,33.60043935,0.029761516,-16.87068173,15.87525537
Control 9,Control,Control,Control,1.3947,1.6089,1.1993,0.2142,2.8082,58.861,0.0058861,26.26504051,0.427070721,0.572929279,36.39081905,0.027479458,10.72605966,15.74378606
D_eburn_1,D. eburnea ,Diversispora,Diversisporaceae,0.9224,1.0338,0.71,0.1114,1.7438,41.54,0.004154,22.31026915,0.407156784,0.592843216,26.81752528,0.037289048,-31.24275236,22.10655914
D_eburn_2,D. eburnea ,Diversispora,Diversisporaceae,0.6855,0.7903,0.6314,0.1048,1.4217,33.494,0.0033494,21.35678252,0.444116199,0.555883801,31.28918612,0.031959924,-43.94301011,17.76600403
D_eburn_3,D. eburnea ,Diversispora,Diversisporaceae,0.9229,1.0488,0.7687,0.1259,1.8175,38.685,0.0038685,22.39122438,0.422943604,0.577056396,32.54491405,0.030726767,-28.33679459,17.73107743
D_eburn_4,D. eburnea ,Diversispora,Diversisporaceae,0.7356,0.8563,0.5849,0.1207,1.4412,37.427,0.0037427,23.59586763,0.405842354,0.594157646,32.24944559,0.031008285,-43.1741339,18.42380962
D_eburn_5,D. eburnea ,Diversispora,Diversisporaceae,1.1837,1.3331,1.5986,0.1494,2.9317,44.869,0.0044869,25.99360987,0.545280895,0.454719105,33.29693107,0.030032798,15.59560897,13.65648703
D_eburn_6,D. eburnea ,Diversispora,Diversisporaceae,1.6209,1.7735,1.3107,0.1526,3.0842,45.391,0.0045391,19.76653663,0.42497244,0.57502756,33.61899936,0.029745085,21.6086152,17.10424365
D_eburn_7,D. eburnea ,Diversispora,Diversisporaceae,1.4055,1.5564,1.5181,0.1509,3.0745,43.597,0.0043597,18.45161586,0.493771345,0.506228655,34.61247334,0.028891319,21.22614857,14.62561356
D_eburn_8,D. eburnea ,Diversispora,Diversisporaceae,1.1945,1.3656,0.8843,0.1711,2.2499,49.596,0.0049596,17.84405457,0.393039691,0.606960309,34.4987499,0.028986558,-11.28745758,17.5936902
D_epiga_1,D. epigaea,Diversispora,Diversisporaceae,1.2555,1.3796,0.9021,0.1241,2.2817,35.19,0.003519,18.94692542,0.395363106,0.604636894,35.26570048,0.028356164,-10.03359792,17.14518293
D_epiga_2,D. epigaea,Diversispora,Diversisporaceae,1.5624,1.7167,1.1003,0.1543,2.817,44.541,0.0044541,26.51545626,0.390592829,0.609407171,34.64223973,0.028866494,11.07303969,17.59144845
D_epiga_3,D. epigaea,Diversispora,Diversisporaceae,1.3186,1.4781,0.9927,0.1595,2.4708,52.501,0.0052501,28.95397962,0.401772705,0.598227295,30.38037371,0.032915987,-2.577470192,19.69124187
D_epiga_4,D. epigaea,Diversispora,Diversisporaceae,1.268,1.433,0.8959,0.165,2.3289,48.57,0.004857,22.87358711,0.38468805,0.61531195,33.9715874,0.029436364,-8.172523203,18.11254653
D_epiga_5,D. epigaea,Diversispora,Diversisporaceae,1.4867,1.6778,1.1111,0.1911,2.7889,70.73,0.007073,23.9589683,0.398400803,0.601599197,27.01823837,0.037012036,9.965069362,22.26641114
D_epiga_6,D. epigaea,Diversispora,Diversisporaceae,1.9528,2.1172,1.1605,0.1644,3.2777,42.174,0.0042174,22.99848733,0.354059249,0.645940751,38.98136293,0.025653285,29.23823294,16.57050218
D_epiga_7,D. epigaea,Diversispora,Diversisporaceae,1.5263,1.7268,1.2371,0.2005,2.9639,77.402,0.0077402,22.57050209,0.417389251,0.582610749,25.90372342,0.038604489,16.86524045,22.49139025
D_epiga_8,D. epigaea,Diversispora,Diversisporaceae,0.958,1.1449,0.767,0.1869,1.9119,75.118,0.0075118,21.02901635,0.401171609,0.598828391,24.88085412,0.040191546,-24.61464516,24.06783882
D_spurca_1,D. spurca ,Diversispora,Diversisporaceae,1.3309,1.4989,0.9751,0.168,2.474,54.359,0.0054359,20.49163737,0.394139046,0.605860954,30.9056458,0.032356548,-2.451295635,19.60356904
D_spurca_2,D. spurca ,Diversispora,Diversisporaceae,0.79,0.9225,0.7635,0.1325,1.686,38.344,0.0038344,24.57986488,0.452846975,0.547153025,34.55560192,0.028938868,-33.52178029,15.83398917
D_spurca_3,D. spurca ,Diversispora,Diversisporaceae,1.81,1.9367,1.2103,0.1267,3.147,37.077,0.0037077,25.03748737,0.384588497,0.615411503,34.17212827,0.029263615,24.08479088,18.00916529
D_spurca_4 ,D. spurca ,Diversispora,Diversisporaceae,1.23,1.3953,0.9666,0.1653,2.3619,51.821,0.0051821,24.50858834,0.409246793,0.590753207,31.89826518,0.031349667,-6.871348084,18.51991632
D_spurca_5,D. spurca ,Diversispora,Diversisporaceae,1.42,1.5968,0.8034,0.1768,2.4002,56.884,0.0056884,27.39772084,0.334722106,0.665277894,31.08079601,0.032174208,-5.361196356,21.40478934
D_spurca_6,D. spurca ,Diversispora,Diversisporaceae,1.3206,1.4724,0.8438,0.1518,2.3162,48.684,0.0048684,22.23909939,0.364303601,0.635696399,31.18067538,0.032071146,-8.673278476,20.38751202
D_spurca_7,D. spurca ,Diversispora,Diversisporaceae,1.6183,1.7439,0.7503,0.1256,2.4942,43.03,0.004303,20.15103376,0.300817898,0.699182102,29.18893795,0.034259554,-1.654818744,23.95366698
D_spurca_8,D. spurca ,Diversispora,Diversisporaceae,1.0541,1.1494,0.5355,0.0953,1.6849,33.909,0.0033909,19.00332369,0.317823016,0.682176984,28.10463299,0.035581322,-33.5651528,24.27275893
De_erythro_1,De. erythropa,Dentiscutata,Gigasporaceae,1.4866,1.6846,1.7049,0.198,3.3895,75.199,0.0075199,18.66104828,0.502994542,0.497005458,26.33013737,0.037979293,33.64645653,18.87591591
De_erythro_2,De. erythropa,Dentiscutata,Gigasporaceae,1.4662,1.6728,1.1652,0.2066,2.838,81.839,0.0081839,24.99735735,0.410570825,0.589429175,25.24468774,0.039612294,11.90106022,23.34864177
De_erythro_3,De. erythropa,Dentiscutata,Gigasporaceae,1.6014,1.816,1.0373,0.2146,2.8533,66.98,0.006698,22.94920465,0.363543967,0.636456033,32.03941475,0.031211556,12.50433232,19.86478312
De_erythro_4,De. erythropa,Dentiscutata,Gigasporaceae,1.7806,2.1073,1.2034,0.3267,3.3107,127.738,0.0127738,28.17392997,0.363488084,0.636511916,25.57578794,0.03909948,30.53940806,24.88728493
De_erythro_5,De. erythropa,Dentiscutata,Gigasporaceae,1.18,1.3557,1.0419,0.1757,2.3976,54.203,0.0054203,22.54026399,0.43455956,0.56544044,32.41517997,0.030849744,-5.463713183,17.44369282
De_erythro_6,De. erythropa,Dentiscutata,Gigasporaceae,1.45,1.592,1.0703,0.142,2.6623,43.266,0.0043266,23.07041773,0.402020809,0.597979191,32.82022835,0.030469014,4.973288452,18.21983634
De_erythro_7,De. erythropa,Dentiscutata,Gigasporaceae,1.78,1.9978,1.1201,0.2178,3.1179,68.012,0.0068012,20.94467485,0.359248212,0.640751788,32.02376051,0.031226814,22.937391,20.0086369
De_erythro_8,De. erythropa,Dentiscutata,Gigasporaceae,1.71,1.8705,0.9265,0.1605,2.797,45.142,0.0045142,22.29131353,0.331247765,0.668752235,35.55447255,0.028125857,10.28444871,18.80922973
De_hetero_1,De. heterogama,Dentiscutata,Gigasporaceae,0.7203,0.8484,0.6173,0.1281,1.4657,34.996,0.0034996,23.38116491,0.421163949,0.578836051,36.60418334,0.027319282,-42.20810995,15.81338531
De_hetero_2,De. heterogama,Dentiscutata,Gigasporaceae,0.5839,0.6676,0.5204,0.0837,1.188,29.878,0.0029878,25.68679998,0.438047138,0.561952862,28.01392329,0.035696535,-53.15769572,20.05977001
De_hetero_3,De. heterogama,Dentiscutata,Gigasporaceae,0.8747,0.9718,0.6507,0.0971,1.6225,29.993,0.0029993,23.13330342,0.401047766,0.598952234,32.37422065,0.030888774,-36.02555666,18.50090019
De_hetero_4,De. heterogama,Dentiscutata,Gigasporaceae,0.7612,0.8569,0.6997,0.0957,1.5566,31.424,0.0031424,27.06383743,0.449505332,0.550494668,30.45442974,0.032835946,-38.62396394,18.07601319
De_hetero_5,De. heterogama,Dentiscutata,Gigasporaceae,1.26,1.4223,0.8661,0.1623,2.2884,46.879,0.0046879,25.77172348,0.378474043,0.621525957,34.62104567,0.028884165,-9.76941994,17.95225829
De_hetero_6,De. heterogama,Dentiscutata,Gigasporaceae,1.72,1.9055,1.5228,0.1855,3.4283,40.949,0.0040949,22.45550106,0.444185165,0.555814835,45.30025153,0.022074933,35.17632303,12.26957524
De_hetero_7,De. heterogama,Dentiscutata,Gigasporaceae,1.59,1.7783,0.9801,0.1883,2.7584,55.742,0.0055742,20.46702247,0.355314675,0.644685325,33.7806322,0.029602762,8.762468116,19.08446624
De_hetero_8,De. heterogama,Dentiscutata,Gigasporaceae,1.41,1.5843,0.7115,0.1743,2.2958,51.489,0.0051489,20.87781098,0.309913756,0.690086244,33.8518907,0.029540448,-9.477641277,20.38545681
E_infreq_1,E. infrequens,Entrophospora,Clairodeoglomeraceae,1.166,1.2927,0.9263,0.1267,2.219,43.055,0.0043055,18.41252234,0.417440288,0.582559712,29.42747648,0.033981847,-12.50583064,19.796455
E_infreq_2,E. infrequens,Entrophospora,Clairodeoglomeraceae,1.2264,1.3567,0.8772,0.1303,2.2339,38.713,0.0038713,22.13975707,0.392676485,0.607323515,33.65794436,0.029710668,-11.91833036,18.04398732
E_infreq_3,E. infrequens,Entrophospora,Clairodeoglomeraceae,1.1729,1.372,0.9567,0.1991,2.3287,64.873,0.0064873,24.33196308,0.410830077,0.589169923,30.6907342,0.032583124,-8.180409113,19.19699666
E_infreq_4,E. infrequens,Entrophospora,Clairodeoglomeraceae,0.945,1.0904,0.817,0.1454,1.9074,42.533,0.0042533,23.33490168,0.428331761,0.571668239,34.18522089,0.029252407,-24.79207813,16.722672
E_infreq_5,E. infrequens,Entrophospora,Clairodeoglomeraceae,1.5012,1.6508,0.7341,0.1496,2.3849,42.152,0.0042152,24.73129045,0.307811648,0.692188352,35.49060543,0.028176471,-5.964468456,19.50342503
E_infreq_6,E. infrequens,Entrophospora,Clairodeoglomeraceae,1.6244,1.7963,0.926,0.1719,2.7223,51.202,0.0051202,22.31713646,0.340153547,0.659846453,33.57290731,0.029785922,7.339061395,19.65413498
E_infreq_7,E. infrequens,Entrophospora,Clairodeoglomeraceae,1.8023,1.9663,0.6796,0.164,2.6459,46.645,0.0046645,22.24286152,0.256850221,0.743149779,35.15918105,0.028442073,4.326643847,21.13672026
E_infreq_8,E. infrequens,Entrophospora,Clairodeoglomeraceae,1.7919,1.9752,0.7691,0.1833,2.7443,50.198,0.0050198,21.73791695,0.280253617,0.719746383,36.51539902,0.027385706,8.206511475,19.71076284
F_caledo_1,F. caledonius,Funneliformis,Glomeraceae,1.3967,1.5409,0.9663,0.1442,2.5072,37.449,0.0037449,22.0201523,0.385410019,0.614589981,38.50570109,0.02597018,-1.142234607,15.96101243
F_caledo_2,F. caledonius,Funneliformis,Glomeraceae,1.1398,1.3025,0.9694,0.1627,2.2719,55.284,0.0055284,21.51331418,0.426691316,0.573308684,29.42985312,0.033979103,-10.4200075,19.48051482
F_caledo_3,F. caledonius,Funneliformis,Glomeraceae,1.2534,1.4034,0.8349,0.15,2.2383,50.723,0.0050723,23.04471511,0.373006299,0.626993701,29.57238334,0.033815333,-11.74484035,21.20200079
F_caledo_4,F. caledonius,Funneliformis,Glomeraceae,1.0609,1.1973,0.7732,0.1364,1.9705,52.918,0.0052918,22.2172218,0.392387719,0.607612281,25.77572849,0.038796188,-22.30407359,23.57304028
F_caledo_5,F. caledonius,Funneliformis,Glomeraceae,1.6444,1.7676,0.9782,0.1232,2.7458,41.181,0.0041181,17.91538334,0.356253187,0.643746813,29.91670916,0.033426136,8.265655798,21.51796852
F_caledo_6,F. caledonius,Funneliformis,Glomeraceae,0.9,1.051,0.7004,0.151,1.7514,56.463,0.0056463,20.77663749,0.399908645,0.600091355,26.74317695,0.037392715,-30.94308778,22.43904501
F_caledo_7,F. caledonius,Funneliformis,Glomeraceae,1.5526,1.7077,0.8689,0.1551,2.5766,44.048,0.0044048,19.25252476,0.337227354,0.662772646,35.21158736,0.028399742,1.594176098,18.82257215
F_caledo_8,F. caledonius,Funneliformis,Glomeraceae,1.584,1.786,1.0135,0.202,2.7995,72.113,0.0072113,18.58655502,0.362028934,0.637971066,28.01159292,0.035699505,10.38302258,22.77525126
F_moss_1,F. mosseae ,Funneliformis,Glomeraceae,1.4567,1.626,0.7843,0.1693,2.4103,50.811,0.0050811,18.42748564,0.325395179,0.674604821,33.31955679,0.030012404,-4.96295791,20.24651243
F_moss_2,F. mosseae ,Funneliformis,Glomeraceae,1.1211,1.3307,0.9312,0.2096,2.2619,83.456,0.0083456,20.02898106,0.411689288,0.588310712,25.11503067,0.039816794,-10.81430299,23.42464643
F_moss_3,F. mosseae ,Funneliformis,Glomeraceae,1.0512,1.2714,1.0904,0.2202,2.3618,74.552,0.0074552,22.12419141,0.461681768,0.538318232,29.53643095,0.033856494,-6.875291039,18.22556799
F_moss_4,F. mosseae ,Funneliformis,Glomeraceae,1.3292,1.4801,1.1735,0.1509,2.6536,40.967,0.0040967,23.75697742,0.442229424,0.557770576,36.83452535,0.027148443,4.630251375,15.14260269
F_moss_5,F. mosseae ,Funneliformis,Glomeraceae,0.955,1.0152,0.5658,0.0602,1.581,31.503,0.0031503,25.2691863,0.357874763,0.642125237,19.10929118,0.052330565,-37.66188294,33.60277645
F_moss_6,F. mosseae ,Funneliformis,Glomeraceae,1.2789,1.4289,0.7744,0.15,2.2033,44.462,0.0044462,19.09639538,0.351472791,0.648527209,33.73667401,0.029641333,-13.12487456,19.22321096
F_moss_7,F. mosseae ,Funneliformis,Glomeraceae,1.5089,1.645,1.2686,0.1361,2.9136,43.904,0.0043904,20.78787223,0.43540637,0.56459363,30.99945335,0.032258633,14.88193413,18.2130187
F_moss_8,F. mosseae ,Funneliformis,Glomeraceae,1.0564,1.2209,0.7929,0.1645,2.0138,61.952,0.0061952,21.16927222,0.393733241,0.606266759,26.55281508,0.03766079,-20.59677411,22.83248509
G_micro_1,G. microaggregatum,Glomus,Glomeraceae,1.6663,1.8206,1.1664,0.1543,2.987,43.178,0.0043178,20.29402915,0.390492133,0.609507867,35.73579138,0.02798315,17.77606303,17.05595007
G_micro_2,G. microaggregatum,Glomus,Glomeraceae,1.7518,1.9512,1.166,0.1994,3.1172,61.584,0.0061584,25.14065691,0.374053638,0.625946362,32.37853988,0.030884654,22.90979032,19.33213681
G_micro_3,G. microaggregatum,Glomus,Glomeraceae,1.6219,1.7755,0.8402,0.1536,2.6157,46.925,0.0046925,27.36106954,0.321214207,0.678785793,32.73308471,0.03055013,3.135871466,20.73699422
G_micro_4,G. microaggregatum,Glomus,Glomeraceae,1.9677,2.148,1.1343,0.1803,3.2823,62.351,0.0062351,23.67400839,0.345580843,0.654419157,28.91693798,0.034581808,29.41960887,22.63099764
G_micro_5,G. microaggregatum,Glomus,Glomeraceae,1.42,1.5771,0.9338,0.1571,2.5109,48.552,0.0048552,23.89611653,0.371898522,0.628101478,32.35706047,0.030905156,-0.996345275,19.41157416
G_micro_6,G. microaggregatum,Glomus,Glomeraceae,1.531,1.7136,0.981,0.1826,2.6946,49.946,0.0049946,21.11035295,0.364061456,0.635938544,36.55948424,0.027352683,6.246862887,17.3946254
G_micro_7,G. microaggregatum,Glomus,Glomeraceae,1.6935,1.8418,0.921,0.1483,2.7628,42.52,0.004252,23.93896951,0.333357463,0.666642537,34.87770461,0.028671612,8.935958132,19.11371616
G_micro_8,G. microaggregatum,Glomus,Glomeraceae,1.2242,1.4147,0.8673,0.1905,2.282,51.176,0.0051176,21.90712719,0.38006135,0.61993865,37.22448023,0.026864042,-10.02176905,16.65405793
Gi_albi_1,Gi. albida,Gigaspora,Gigasporaceae,1.136,1.3307,1.032,0.1947,2.3627,58.567,0.0058567,19.0402782,0.43678842,0.56321158,33.24397698,0.030080637,-6.839804445,16.94176309
Gi_albi_2,Gi. albida,Gigaspora,Gigasporaceae,0.8168,0.8988,0.7635,0.082,1.6623,26.59,0.002659,23.76311634,0.459303375,0.540696625,30.83866115,0.032426829,-34.4562606,17.533077
Gi_albi_3,Gi. albida,Gigaspora,Gigasporaceae,1.1062,1.2202,0.8003,0.114,2.0205,35.068,0.0035068,25.65063409,0.396090077,0.603909923,32.50826965,0.030761404,-20.33259613,18.57711712
Gi_albi_4,Gi. albida,Gigaspora,Gigasporaceae,0.7529,0.8583,0.7413,0.1054,1.5996,36.432,0.0036432,24.31448275,0.463428357,0.536571643,28.93061045,0.034565465,-36.92849333,18.54684835
Gi_albi_5,Gi. albida,Gigaspora,Gigasporaceae,1.16,1.3428,0.6322,0.1828,1.975,56.709,0.0056709,23.79731342,0.320101266,0.679898734,32.23474228,0.031022429,-22.12664061,21.0921102
Gi_albi_6,Gi. albida,Gigaspora,Gigasporaceae,1.58,1.7387,1.2251,0.1587,2.9638,46.535,0.0046535,21.99900402,0.413354477,0.586645523,34.10336306,0.029322621,16.86129749,17.20198433
Gi_albi_7,Gi. albida,Gigaspora,Gigasporaceae,1.54,1.6836,0.828,0.1436,2.5116,45.689,0.0045689,22.40107922,0.32967033,0.67032967,31.42988465,0.031816852,-0.968744591,21.3277799
Gi_albi_8,Gi. albida,Gigaspora,Gigasporaceae,1.83,1.9993,0.9274,0.1693,2.9267,50.153,0.0050153,21.9722726,0.316875662,0.683124338,33.75670448,0.029623745,15.39846122,20.23670119
Gi_giga_1,Gi. gigantea,Gigaspora,Gigasporaceae,0.5434,0.6485,0.6289,0.1051,1.2774,27.955,0.0027955,21.63529248,0.492328167,0.507671833,37.59613665,0.026598478,-49.63269404,13.50329808
Gi_giga_2,Gi. gigantea,Gigaspora,Gigasporaceae,0.7605,0.87,0.6076,0.1095,1.4776,36.894,0.0036894,25.67625697,0.411207363,0.588792637,29.6796227,0.033693151,-41.73889831,19.83827923
Gi_giga_3,Gi. gigantea,Gigaspora,Gigasporaceae,0.4886,0.581,0.4893,0.0924,1.0703,33.86,0.003386,26.46453205,0.457161543,0.542838457,27.28883639,0.036645022,-57.79855365,19.8923272
Gi_giga_4,Gi. gigantea,Gigaspora,Gigasporaceae,0.803,0.9172,0.7007,0.1142,1.6179,34.152,0.0034152,25.85916781,0.43309228,0.56690772,33.43874444,0.029905429,-36.20693258,16.95361857
Gi_giga_5,Gi. gigantea,Gigaspora,Gigasporaceae,1.3023,1.4461,1.0091,0.1438,2.4552,38.041,0.0038041,23.0439709,0.411005213,0.588994787,37.80131963,0.026454103,-3.192571158,15.58132876
Gi_giga_6,Gi. gigantea,Gigaspora,Gigasporaceae,1.5994,1.7886,0.9686,0.1892,2.7572,54.843,0.0054843,21.26490748,0.351298419,0.648701581,34.49847747,0.028986786,8.715152657,18.80377391
Gi_giga_7,Gi. gigantea,Gigaspora,Gigasporaceae,1.2845,1.46,1.0819,0.1755,2.5419,68.086,0.0068086,24.30937369,0.4256265,0.5743735,25.77622419,0.038795442,0.225970746,22.28307381
Gi_giga_8,Gi. gigantea,Gigaspora,Gigasporaceae,1.2313,1.3709,1.104,0.1396,2.4749,44.196,0.0044196,20.80789947,0.446078629,0.553921371,31.58656892,0.031659026,-2.415809041,17.53661109
Gi_marg_1,Gi. margarita,Gigaspora,Gigasporaceae,1.2487,1.4098,0.7899,0.1611,2.1997,48.517,0.0048517,22.25097917,0.359094422,0.640905578,33.20485603,0.030116077,-13.26682094,19.30156174
Gi_marg_2,Gi. margarita,Gigaspora,Gigasporaceae,1.4675,1.6742,0.8371,0.2067,2.5113,76.871,0.0076871,22.89774319,0.333333333,0.666666667,26.88920399,0.037189647,-0.980573455,24.79309801
Gi_marg_3,Gi. margarita,Gigaspora,Gigasporaceae,1.7005,1.91,1.3882,0.2095,3.2982,67.976,0.0067976,22.51323253,0.420896246,0.579103754,30.81970107,0.032446778,30.0465387,18.79005095
Gi_marg_4,Gi. margarita,Gigaspora,Gigasporaceae,2.52,2.7014,1.0758,0.1814,3.7772,67.793,0.0067793,19.58731395,0.284814148,0.715185852,26.75792486,0.037372106,48.93329269,26.72800147
Gi_marg_5,Gi. margarita,Gigaspora,Gigasporaceae,1.8152,1.9871,0.9536,0.1719,2.9407,47.296,0.0047296,25.60749137,0.324276533,0.675723467,36.34556834,0.027513671,15.95047491,18.59163316
Gi_marg_6,Gi. margarita,Gigaspora,Gigasporaceae,1.8531,2.0479,0.9153,0.1948,2.9632,57.005,0.0057005,20.54118497,0.308889039,0.691110961,34.17244101,0.029263347,16.83763976,20.22421987
Gi_marg_7,Gi. margarita,Gigaspora,Gigasporaceae,1.5919,1.782,1.0237,0.1901,2.8057,70.274,0.0070274,20.82759615,0.364864383,0.635135617,27.05125651,0.03696686,10.62748579,23.47896943
Gi_marg_8,Gi. margarita,Gigaspora,Gigasporaceae,1.7608,1.9452,0.7027,0.1844,2.6479,54.092,0.0054092,22.87496176,0.265380113,0.734619887,34.09006877,0.029334056,4.405502946,21.5493809
Gi_rosea_1,Gi. rosea,Gigaspora,Gigasporaceae,1.4662,1.6408,1.0325,0.1746,2.6733,55.934,0.0055934,19.75600432,0.386226761,0.613773239,31.21536096,0.03203551,5.407013492,19.66253874
Gi_rosea_2,Gi. rosea,Gigaspora,Gigasporaceae,1.4,1.5497,0.9152,0.1497,2.4649,43.604,0.0043604,24.60561869,0.371292953,0.628707047,34.33171269,0.029127589,-2.810104532,18.31272047
Gi_rosea_3,Gi. rosea,Gigaspora,Gigasporaceae,1.8787,2.0667,1.1217,0.188,3.1884,56.911,0.0056911,24.64288726,0.351806549,0.648193451,33.0340356,0.030271809,25.71717421,19.62198834
Gi_rosea_4,Gi. rosea,Gigaspora,Gigasporaceae,1.4024,1.5846,0.8285,0.1822,2.4131,54.769,0.0054769,25.15286471,0.3433343,0.6566657,33.2669941,0.030059824,-4.852555173,19.73925537
Gi_rosea_5,Gi. rosea,Gigaspora,Gigasporaceae,1.45,1.685,0.8967,0.235,2.5817,87.211,0.0087211,27.99244509,0.347329279,0.652670721,26.94614212,0.037111064,1.795266798,24.2213049
Gi_rosea_6,Gi. rosea,Gigaspora,Gigasporaceae,1.08,1.2522,0.892,0.1722,2.1442,47.731,0.0047731,22.87996642,0.41600597,0.58399403,36.07718254,0.027718351,-15.45516091,16.18735151
Gi_rosea_7,Gi. rosea,Gigaspora,Gigasporaceae,1.1744,1.3626,0.8833,0.1882,2.2459,56.507,0.0056507,25.16370952,0.393294448,0.606705552,33.30560815,0.030024973,-11.44517577,18.21631782
Gi_rosea_8,Gi. rosea,Gigaspora,Gigasporaceae,1.7565,1.9082,1.1246,0.1517,3.0328,44.389,0.0044389,23.02271186,0.370812451,0.629187549,34.17513348,0.029261042,19.58193638,18.4106833
P_brasil_1,P. brasilianum,Paraglomus,Paraglomeraceae,1.2771,1.4093,0.7917,0.1322,2.201,36.631,0.0036631,23.35907974,0.359700136,0.640299864,36.08965084,0.027708775,-13.21556253,17.74192486
P_brasil_2,P. brasilianum,Paraglomus,Paraglomeraceae,1.2071,1.3481,1.0142,0.141,2.3623,50.313,0.0050313,27.0679682,0.42932735,0.57067265,28.02456622,0.035682979,-6.855576265,20.36330019
P_brasil_3,P. brasilianum,Paraglomus,Paraglomeraceae,1.3979,1.5648,1.2455,0.1669,2.8103,48.231,0.0048231,24.11213144,0.443191118,0.556808882,34.60430014,0.028898143,10.80886171,16.0907427
P_brasil_4,P. brasilianum,Paraglomus,Paraglomeraceae,0.9067,1.0546,0.921,0.1479,1.9756,45.057,0.0045057,22.01298183,0.466187487,0.533812513,32.82508822,0.030464503,-22.10298288,16.2623329
P_brasil_5,P. brasilianum,Paraglomus,Paraglomeraceae,0.8491,0.9826,0.7081,0.1335,1.6907,40.778,0.0040778,24.19372687,0.418820607,0.581179393,32.73824121,0.030545318,-33.33646141,17.75230937
P_brasil_6,P. brasilianum,Paraglomus,Paraglomeraceae,0.896,1.0554,0.8267,0.1594,1.8821,57.826,0.0057826,20.30374211,0.439243398,0.560756602,27.56545499,0.03627729,-25.78964572,20.34272987
P_brasil_7,P. brasilianum,Paraglomus,Paraglomeraceae,1.0398,1.1441,0.867,0.1043,2.0111,37.377,0.0037377,22.5224194,0.431107354,0.568892646,27.90486128,0.03583605,-20.70323389,20.38686531
P_brasil_8,P. brasilianum,Paraglomus,Paraglomeraceae,1.1546,1.3062,0.8807,0.1516,2.1869,52.521,0.0052521,22.74992041,0.402716174,0.597283826,28.86464462,0.034644459,-13.77151917,20.69257502
P_occ_1,P. occultum,Paraglomus,Paraglomeraceae,1.5186,1.684,0.9063,0.1654,2.5903,49.676,0.0049676,21.74108166,0.349882253,0.650117747,33.2957565,0.030033857,2.13436092,19.52554345
P_occ_2,P. occultum,Paraglomus,Paraglomeraceae,1.543,1.7117,0.9997,0.1687,2.7114,51.643,0.0051643,20.52764714,0.368702515,0.631297485,32.6665763,0.03061233,6.909279311,19.32548694
P_occ_3,P. occultum,Paraglomus,Paraglomeraceae,0.9314,1.0588,0.8515,0.1274,1.9103,41.149,0.0041149,25.75476017,0.445741507,0.554258493,30.96065518,0.032299058,-24.67773244,17.90202721
P_occ_4,P. occultum,Paraglomus,Paraglomeraceae,1.195,1.3759,0.8815,0.1809,2.2574,56.586,0.0056586,20.88622222,0.390493488,0.609506512,31.96903828,0.031280265,-10.99173596,19.06552521
P_occ_5,P. occultum,Paraglomus,Paraglomeraceae,1.96,2.1571,1.3485,0.1971,3.5056,54.657,0.0054657,24.7013837,0.384670242,0.615329758,36.06125473,0.027730594,38.22422717,17.0634597
P_occ_6,P. occultum,Paraglomus,Paraglomeraceae,1.18,1.3497,1.3702,0.1697,2.7199,45.552,0.0045552,23.19760384,0.503768521,0.496231479,37.25412715,0.026842664,7.244430478,13.32017486
P_occ_7,P. occultum,Paraglomus,Paraglomeraceae,0.9,0.9958,0.857,0.0958,1.8528,34.5,0.00345,23.22390271,0.462543178,0.537456822,27.76811594,0.036012526,-26.94493151,19.35517778
P_occ_8,P. occultum,Paraglomus,Paraglomeraceae,0.94,1.0668,1.042,0.1268,2.1088,38.471,0.0038471,23.51291005,0.494119879,0.505880121,32.95989187,0.030339905,-16.85096695,15.34835481
R_clarus_1,R. clarus ,Rhizophagus,Glomeraceae,1.1781,1.3119,0.9182,0.1338,2.2301,39.31,0.003931,21.16624527,0.411730416,0.588269584,34.03714068,0.029379671,-12.06816265,17.28316684
R_clarus_2,R. clarus ,Rhizophagus,Glomeraceae,1.44,1.6188,0.9776,0.1788,2.5964,49.466,0.0049466,19.64829217,0.376521337,0.623478663,36.1460397,0.027665548,2.374881169,17.24887888
R_clarus_3,R. clarus ,Rhizophagus,Glomeraceae,1.7569,1.9051,0.8262,0.1482,2.7313,42.925,0.0042925,21.05889074,0.302493318,0.697506682,34.52533489,0.028964238,7.693927337,20.20274954
R_clarus_4,R. clarus ,Rhizophagus,Glomeraceae,1.7337,1.881,1.2026,0.1473,3.0836,44.276,0.0044276,12.09785605,0.389998703,0.610001297,33.26858795,0.030058384,21.58495747,18.33565323
R_clarus_5,R. clarus ,Rhizophagus,Glomeraceae,1.6025,1.7499,0.8845,0.1474,2.6344,40.08,0.004008,23.25119111,0.335750076,0.664249924,36.77644711,0.027191316,3.873204033,18.06182959
R_clarus_6,R. clarus ,Rhizophagus,Glomeraceae,1.339,1.445,0.7807,0.106,2.2257,28.012,0.0028012,21.517327,0.350766051,0.649233949,37.84092532,0.026426415,-12.24165267,17.15692577
R_clarus_7,R. clarus ,Rhizophagus,Glomeraceae,1.6716,1.8115,1.12,0.1399,2.9315,38.783,0.0038783,23.93843547,0.382056967,0.617943033,36.07250599,0.027721944,15.58772306,17.13058216
R_clarus_8,R. clarus ,Rhizophagus,Glomeraceae,1.258,1.4481,1.0919,0.1901,2.54,50.175,0.0050175,22.4978378,0.42988189,0.57011811,37.88739412,0.026394003,0.151054602,15.04769911
R_intra_1,R. intraradices ,Rhizophagus,Glomeraceae,0.9879,1.0774,0.6151,0.0895,1.6925,22.102,0.0022102,23.74537263,0.363426883,0.636573117,40.49407293,0.024694972,-33.26548822,15.7201553
R_intra_2,R. intraradices ,Rhizophagus,Glomeraceae,0.9875,1.1098,0.7016,0.1223,1.8114,37.997,0.0037997,27.21504534,0.387324721,0.612675279,32.18675159,0.031068684,-28.57731484,19.03501464
R_intra_3,R. intraradices ,Rhizophagus,Glomeraceae,1.2703,1.4301,0.7063,0.1598,2.1364,49.27,0.004927,23.78478544,0.330602883,0.669397117,32.43352953,0.03083229,-15.7627114,20.63904604
R_intra_4,R. intraradices ,Rhizophagus,Glomeraceae,1.021,1.15,0.7338,0.129,1.8838,37.373,0.0037373,21.62669894,0.389531797,0.610468203,34.51689723,0.028971318,-25.72261549,17.68606844
R_intra_5,R. intraradices ,Rhizophagus,Glomeraceae,1.2078,1.3599,0.7861,0.1521,2.146,47.225,0.0047225,24.21966917,0.366309413,0.633690587,32.2075172,0.031048652,-15.38418773,19.67523851
R_intra_6,R. intraradices ,Rhizophagus,Glomeraceae,1.2391,1.3814,0.8127,0.1423,2.1941,41.437,0.0041437,16.62747192,0.370402443,0.629597557,34.34128919,0.029119466,-13.48762642,18.33354465
R_intra_7,R. intraradices ,Rhizophagus,Glomeraceae,1.1814,1.3565,0.8481,0.1751,2.2046,46.675,0.0046675,22.39820066,0.384695636,0.615304364,37.51472951,0.026656196,-13.07361615,16.40167373
R_intra_8,R. intraradices ,Rhizophagus,Glomeraceae,0.8692,0.9614,0.8372,0.0922,1.7986,31.687,0.0031687,19.40827778,0.465473146,0.534526854,29.09710607,0.034367679,-29.08201307,18.37044734
R_sinu_1,R. sinuosus,Rhizophagus,Glomeraceae,1.3742,1.563,1.032,0.1888,2.595,22.438,0.0022438,22.30167477,0.397687861,0.602312139,84.14297174,0.011884534,2.319679801,7.158199095
R_sinu_2,R. sinuosus,Rhizophagus,Glomeraceae,1.4283,1.6146,1.153,0.1863,2.7676,51.908,0.0051908,19.28107729,0.416606446,0.583393554,35.89042151,0.027862587,9.125219968,16.25485365
R_sinu_3,R. sinuosus,Rhizophagus,Glomeraceae,0.8859,0.9946,0.8772,0.1087,1.8718,33.09,0.003309,22.2201845,0.468639812,0.531360188,32.84980357,0.030441582,-26.19577008,16.17544473
R_sinu_4,R. sinuosus,Rhizophagus,Glomeraceae,0.878,0.9777,0.8166,0.0997,1.7943,33.031,0.0033031,16.02448182,0.455107841,0.544892159,30.18376676,0.033130391,-29.25156013,18.05249028
R_sinu_5,R. sinuosus,Rhizophagus,Glomeraceae,1.1643,1.2668,0.7901,0.1025,2.0569,28.296,0.0028296,25.23111625,0.384121737,0.615878263,36.2242013,0.027605854,-18.89736055,17.00184541
R_sinu_6,R. sinuosus,Rhizophagus,Glomeraceae,1.3175,1.4971,0.9071,0.1796,2.4042,46.876,0.0046876,23.79864582,0.377298062,0.622701938,38.3138493,0.026100223,-5.203478159,16.25265944
R_sinu_7,R. sinuosus,Rhizophagus,Glomeraceae,1.0747,1.1881,0.6632,0.1134,1.8513,33.651,0.0033651,22.46737453,0.358234754,0.641765246,33.69884996,0.029674603,-27.00407583,19.04412889
R_sinu_8,R. sinuosus,Rhizophagus,Glomeraceae,1.446,1.5561,1.0294,0.1101,2.5855,34.596,0.0034596,25.20384754,0.398143493,0.601856507,31.82448838,0.031422343,1.945099084,18.9117416
Ra_fulgi_1,Ra. fulgida ,Racocetra,Gigasporaceae,1.4114,1.57,1.124,0.1586,2.694,48.342,0.0048342,23.25030769,0.41722346,0.58277654,32.80791031,0.030480454,6.223205157,17.76329352
Ra_fulgi_2,Ra. fulgida ,Racocetra,Gigasporaceae,1.2867,1.4836,1.1605,0.1969,2.6441,58.972,0.0058972,23.99182113,0.438901706,0.561098294,33.38872685,0.029950229,4.255670659,16.8050224
Ra_fulgi_3,Ra. fulgida ,Racocetra,Gigasporaceae,1.5877,1.7621,1.1305,0.1744,2.8926,58.677,0.0058677,23.87401207,0.390824863,0.609175137,29.7220376,0.033645069,14.0539136,20.49573952
Ra_fulgi_5,Ra. fulgida ,Racocetra,Gigasporaceae,1.43,1.6387,0.7564,0.2087,2.3951,56.634,0.0056634,24.71813963,0.315811448,0.684188552,36.85065508,0.02713656,-5.562287056,18.56652369
Ra_fulgi_6,Ra. fulgida ,Racocetra,Gigasporaceae,1.03,1.1681,0.7746,0.1381,1.9427,50.155,0.0050155,18.47094863,0.398723426,0.601276574,27.53464261,0.036317886,-23.40021505,21.83709407
Ra_fulgi_7,Ra. fulgida ,Racocetra,Gigasporaceae,1.39,1.558,1.0759,0.168,2.6339,56.231,0.0056231,21.77843854,0.408481719,0.591518281,29.87675837,0.033470833,3.853489259,19.7986096
Ra_fulgi_8,Ra. fulgida ,Racocetra,Gigasporaceae,1.03,1.1625,0.6568,0.1325,1.8193,37.552,0.0037552,19.95601436,0.361017974,0.638982026,35.28440562,0.028341132,-28.2658214,18.10947394
Ra_greg_1,Ra. gregaria ,Racocetra,Gigasporaceae,1.4233,1.5953,1.0911,0.172,2.6864,48.416,0.0048416,28.52526413,0.406156939,0.593843061,35.52544613,0.028148837,5.923540584,16.71599153
Ra_greg_2,Ra. gregaria ,Racocetra,Gigasporaceae,1.2646,1.4505,1.0589,0.1859,2.5094,56.075,0.0056075,23.33432586,0.42197338,0.57802662,33.15202853,0.030164067,-1.055489599,17.43563369
Ra_greg_3,Ra. gregaria ,Racocetra,Gigasporaceae,1.3162,1.5249,1.0034,0.2087,2.5283,56.969,0.0056969,23.35215743,0.39686746,0.60313254,36.63395882,0.027297077,-0.310271122,16.46375539
Ra_greg_4,Ra. gregaria ,Racocetra,Gigasporaceae,1.4263,1.5791,0.9951,0.1528,2.5742,53.491,0.0053491,21.25388165,0.3865667,0.6134333,28.56555308,0.035007199,1.49954518,21.47458161
Ra_greg_5,Ra. gregaria ,Racocetra,Gigasporaceae,2.51,2.7102,1.8763,0.2002,4.5865,57.597,0.0057597,20.88704511,0.4090919,0.5909081,34.7587548,0.02876973,80.84362675,17.00026649
Ra_greg_6,Ra. gregaria ,Racocetra,Gigasporaceae,1.15,1.3227,0.6462,0.1727,1.9689,48.708,0.0048708,21.80431311,0.328203565,0.671796435,35.4561879,0.028203822,-22.36716086,18.94722707
Ra_greg_7,Ra. gregaria ,Racocetra,Gigasporaceae,1.81,2.0063,0.8515,0.1963,2.8578,46.276,0.0046276,20.15158238,0.29795647,0.70204353,42.41939666,0.023574121,12.68176529,16.55005912
Ra_greg_8,Ra. gregaria ,Racocetra,Gigasporaceae,1.1,1.2614,0.7814,0.1614,2.0428,44.743,0.0044743,19.69285765,0.382514196,0.617485804,36.07268176,0.027721809,-19.45331719,17.11782352
S_calo_1,S. calospora,Scutellospora,Gigasporaceae,0.9713,1.1095,0.7299,0.1382,1.8394,37.702,0.0037702,23.67185859,0.396814179,0.603185821,36.65588032,0.027280753,-27.47328747,16.4553634
S_calo_2,S. calospora,Scutellospora,Gigasporaceae,1.2561,1.3898,0.9818,0.1337,2.3716,41.903,0.0041903,25.9271207,0.413982122,0.586017878,31.90702336,0.031341062,-6.488881459,18.36642265
S_calo_3,S. calospora,Scutellospora,Gigasporaceae,1.5473,1.6872,0.9685,0.1399,2.6557,39.868,0.0039868,26.51706916,0.364687276,0.635312724,35.09079964,0.028497498,4.713053428,18.10482308
S_calo_4,S. calospora,Scutellospora,Gigasporaceae,1.0404,1.1749,0.9336,0.1345,2.1085,34.765,0.0034765,27.88841841,0.442779227,0.557220773,38.68833597,0.025847584,-16.86279582,14.40281074
S_calo_5,S. calospora,Scutellospora,Gigasporaceae,1.96,2.1491,1.0769,0.1891,3.226,52.433,0.0052433,19.75889538,0.333818971,0.666181029,36.06507352,0.027727657,27.19972525,18.47163907
S_calo_6,S. calospora,Scutellospora,Gigasporaceae,1.89,2.0555,1.3989,0.1655,3.4544,48.761,0.0048761,22.29361873,0.404961788,0.595038212,33.94105945,0.02946284,36.20543426,17.53151563
S_calo_7,S. calospora,Scutellospora,Gigasporaceae,1.86,2.0402,0.882,0.1802,2.9222,50.189,0.0050189,18.55880479,0.30182739,0.69817261,35.90428181,0.027851831,15.22102825,19.44538554
S_calo_8,S. calospora,Scutellospora,Gigasporaceae,1.3,1.4593,1.0144,0.1593,2.4737,54.5,0.00545,22.87899013,0.410073978,0.589926022,29.2293578,0.034212178,-2.4631245,20.18265407
S_dispurp_1,S. dipurpurascens ,Scutellospora,Gigasporaceae,1.9116,2.128,1.3536,0.2164,3.4816,56.71,0.005671,23.96267804,0.388786765,0.611213235,38.15905484,0.0262061,37.27791799,16.01751516
S_dispurp_2,S. dipurpurascens ,Scutellospora,Gigasporaceae,1.4142,1.5812,1.0952,0.167,2.6764,56.626,0.0056626,21.16978095,0.409206397,0.590793603,29.49175291,0.033907784,5.529245094,20.03250188
S_dispurp_3,S. dipurpurascens ,Scutellospora,Gigasporaceae,1.6054,1.7784,1.1642,0.173,2.9426,60.255,0.0060255,20.38933732,0.395636512,0.604363488,28.71131026,0.03482948,16.02539105,21.04966602
S_dispurp_4,S. dipurpurascens ,Scutellospora,Gigasporaceae,1.4761,1.5787,1.1011,0.1026,2.6798,44.445,0.0044445,14.92463512,0.410888872,0.589111128,23.08471144,0.043318713,5.66330556,25.51953588
S_dispurp_5,S. dipurpurascens ,Scutellospora,Gigasporaceae,1.0662,1.1917,0.5078,0.1255,1.6995,43.72,0.004372,20.0505446,0.298793763,0.701206237,28.70539799,0.034836653,-32.98948138,24.42767836
S_dispurp_6,S. dipurpurascens ,Scutellospora,Gigasporaceae,1.25,1.4075,0.6967,0.1575,2.1042,50.58,0.005058,21.40615122,0.331099705,0.668900295,31.13879004,0.032114286,-17.03234288,21.48125538
S_dispurp_7,S. dipurpurascens ,Scutellospora,Gigasporaceae,1.41,1.5529,0.6804,0.1429,2.2333,42.76,0.004276,18.94388304,0.304661264,0.695338736,33.41908326,0.029923023,-11.94198809,20.80663699
S_dispurp_8,S. dipurpurascens ,Scutellospora,Gigasporaceae,1.3185,1.483,0.9952,0.1645,2.4782,51.952,0.0051952,21.7204388,0.401581793,0.598418207,31.66384355,0.031581763,-2.285691529,18.89910199
Sg_constr_1,Sg. constrictum ,Septoglomus,Glomeraceae,1.1473,1.2825,1.1699,0.1352,2.4524,41.729,0.0041729,25.32282358,0.477042897,0.522957103,32.3995303,0.030864645,-3.302973895,16.14088533
Sg_constr_2,Sg. constrictum ,Septoglomus,Glomeraceae,1.126,1.2986,1.0169,0.1726,2.3155,55.729,0.0055729,24.66321659,0.439170805,0.560829195,30.97130758,0.032287949,-8.700879161,18.10802445
Sg_constr_3,Sg. constrictum ,Septoglomus,Glomeraceae,1.5259,1.7649,1.1319,0.239,2.8968,77.532,0.0077532,23.23023502,0.390741508,0.609258492,30.82598153,0.032440167,14.21951771,19.76444723
Sg_constr_4,Sg. constrictum ,Septoglomus,Glomeraceae,1.5799,1.7132,1.0024,0.1333,2.7156,43.262,0.0043262,26.13867848,0.369126528,0.630873472,30.81226018,0.032454614,7.074883417,20.47475502
Sg_constr_5,Sg. constrictum ,Septoglomus,Glomeraceae,1.07,1.2676,0.6882,0.1976,1.9558,39.644,0.0039644,21.41779532,0.35187647,0.64812353,49.84360811,0.020062753,-22.88368796,13.0031423
Sg_constr_6,Sg. constrictum ,Septoglomus,Glomeraceae,1.07,1.1867,0.8279,0.1167,2.0146,32.111,0.0032111,24.09365274,0.410950065,0.589049935,36.34268631,0.027515853,-20.56523047,16.20821142
Sg_constr_7,Sg. constrictum ,Septoglomus,Glomeraceae,1.1428,1.3404,0.5973,0.1976,1.9377,60.368,0.0060368,19.82814291,0.308252051,0.691747949,32.73257355,0.030550607,-23.59736279,21.13331973
Sg_constr_8,Sg. constrictum ,Septoglomus,Glomeraceae,1.2319,1.3661,0.9744,0.1342,2.3405,36.798,0.0036798,24.02737926,0.416321299,0.583678701,36.46937334,0.027420268,-7.715140434,16.00462641
Sg_visco_1,Sg. viscosum ,Septoglomus,Glomeraceae,1.0845,1.1968,0.8116,0.1123,2.0084,35.501,0.0035501,22.62841084,0.404102768,0.595897232,31.63291175,0.031612645,-20.80969368,18.83788765
Sg_visco_2,Sg. viscosum ,Septoglomus,Glomeraceae,1.3221,1.4519,0.6333,0.1298,2.0852,42.753,0.0042753,24.92489694,0.303711874,0.696288126,30.36044254,0.032937596,-17.78150431,22.93405699
Sg_visco_3,Sg. viscosum ,Septoglomus,Glomeraceae,0.6995,0.7511,0.6597,0.0516,1.4108,24.073,0.0024073,26.12603468,0.467607031,0.532392969,21.43480248,0.046653101,-44.37279219,24.83778295
Sg_visco_4,Sg. viscosum ,Septoglomus,Glomeraceae,0.9283,1.0669,0.6398,0.1386,1.7067,40.736,0.0040736,25.18659286,0.374875491,0.625124509,34.02395915,0.029391053,-32.70558863,18.37306758
Sg_visco_5,Sg. viscosum ,Septoglomus,Glomeraceae,0.85,1.0071,0.5282,0.1571,1.5353,45.083,0.0045083,19.55479249,0.344036996,0.655963004,34.84683805,0.028697008,-39.46381333,18.82417557
Sg_visco_6,Sg. viscosum ,Septoglomus,Glomeraceae,0.8468,0.9648,0.5207,0.118,1.4855,38.922,0.0038922,19.63964741,0.35052171,0.64947829,30.31704435,0.032984746,-41.42740488,21.42287643
Sg_visco_7,Sg. viscosum ,Septoglomus,Glomeraceae,1.0347,1.1574,0.6452,0.1227,1.8026,37.066,0.0037066,19.32501198,0.357927438,0.642072562,33.10311337,0.030208639,-28.92429487,19.39613824
Sg_visco_8,Sg. viscosum ,Septoglomus,Glomeraceae,0.9146,1.0577,0.5891,0.1431,1.6468,38.446,0.0038446,21.37194577,0.357724071,0.642275929,37.2210373,0.026866527,-35.06741861,17.25572359
